{
    "dias_trabalho": [
      {
        "id": 1,
        "dia": "segunda",
        "horarios": [
          {
            "inicio": "08:00",
            "fim": "12:00"
          },
          {
            "inicio": "13:00",
            "fim": "17:00"
          }
        ],
        "voluntario": 1,
        "atividade": 1
      },
      {
        "id": 2,
        "dia": "terça",
        "horarios": [
          {
            "inicio": "09:00",
            "fim": "12:00"
          },
          {
            "inicio": "14:00",
            "fim": "18:00"
          }
        ],
        "voluntario": 2,
        "atividade": 1
      },
      {
        "id": 3,
        "dia": "quarta",
        "horarios": [
          {
            "inicio": "08:30",
            "fim": "11:30"
          },
          {
            "inicio": "13:30",
            "fim": "16:30"
          }
        ],
        "voluntario": 1,
        "atividade": 2
      },
      {
        "id": 4,
        "dia": "quinta",
        "horarios": [
          {
            "inicio": "09:00",
            "fim": "12:00"
          },
          {
            "inicio": "13:00",
            "fim": "17:00"
          }
        ],
        "voluntario": 3,
        "atividade": 2
      },
      {
        "id": 5,
        "dia": "sexta",
        "horarios": [
          {
            "inicio": "08:00",
            "fim": "11:00"
          },
          {
            "inicio": "12:00",
            "fim": "15:00"
          }
        ],
        "voluntario": 2,
        "atividade": 3
      },
      {
        "id": 6,
        "dia": "sábado",
        "horarios": [
          {
            "inicio": "10:00",
            "fim": "13:00"
          }
        ],
        "voluntario": 1,
        "atividade": 3
      },
      {
        "id": 7,
        "dia": "domingo",
        "horarios": [
          {
            "inicio": "09:00",
            "fim": "12:00"
          },
          {
            "inicio": "13:00",
            "fim": "16:00"
          }
        ],
        "voluntario": 4,
        "atividade": 4
      }
    ]
  }  